{
  "颜文字": {
    "type": "emoticon",
    "container": [
      {
        "icon": "OωO",
        "text": "Author: DIYgod"
      },
      {
        "icon": "|´・ω・)ノ",
        "text": "Hi"
      },
      {
        "icon": "ヾ(≧∇≦*)ゝ",
        "text": "开心"
      },
      {
        "icon": "(☆ω☆)",
        "text": "星星眼"
      },
      {
        "icon": "（╯‵□′）╯︵┴─┴",
        "text": "掀桌"
      },
      {
        "icon": "￣﹃￣",
        "text": "流口水"
      },
      {
        "icon": "(/ω＼)",
        "text": "捂脸"
      },
      {
        "icon": "∠( ᐛ 」∠)＿",
        "text": "给跪"
      },
      {
        "icon": "(๑•̀ㅁ•́ฅ)",
        "text": "Hi"
      },
      {
        "icon": "→_→",
        "text": "斜眼"
      },
      {
        "icon": "୧(๑•̀⌄•́๑)૭",
        "text": "加油"
      },
      {
        "icon": "٩(ˊᗜˋ*)و",
        "text": "有木有WiFi"
      },
      {
        "icon": "(ノ°ο°)ノ",
        "text": "前方高能预警"
      },
      {
        "icon": "(´இ皿இ｀)",
        "text": "我从未见过如此厚颜无耻之人"
      },
      {
        "icon": "⌇●﹏●⌇",
        "text": "吓死宝宝惹"
      },
      {
        "icon": "(ฅ´ω`ฅ)",
        "text": "已阅留爪"
      },
      {
        "icon": "(╯°A°)╯︵○○○",
        "text": "去吧大师球"
      },
      {
        "icon": "φ(￣∇￣o)",
        "text": "太萌惹"
      },
      {
        "icon": "ヾ(´･ ･｀｡)ノ\"",
        "text": "咦咦咦"
      },
      {
        "icon": "( ง ᵒ̌皿ᵒ̌)ง⁼³₌₃",
        "text": "气呼呼"
      },
      {
        "icon": "(ó﹏ò｡)",
        "text": "我受到了惊吓"
      },
      {
        "icon": "Σ(っ °Д °;)っ",
        "text": "什么鬼"
      },
      {
        "icon": "( ,,´･ω･)ﾉ\"(´っω･｀｡)",
        "text": "摸摸头"
      },
      {
        "icon": "╮(╯▽╰)╭ ",
        "text": "无奈"
      },
      {
        "icon": "o(*////▽////*)q ",
        "text": "脸红"
      },
      {
        "icon": "＞﹏＜",
        "text": ""
      },
      {
        "icon": "( ๑´•ω•) \"(ㆆᴗㆆ)",
        "text": ""
      },
      {
        "icon": "(｡•ˇ‸ˇ•｡)",
        "text": ""
      }
    ]
  },
  "emoji": {
    "type": "emoticon",
    "name": "emoji",
    "container": [
      {
        "icon": "😂",
        "text": "笑哭"
      },
      {
        "icon": "🙂",
        "text": "微笑"
      },
      {
        "icon": "😛",
        "text": "吐舌"
      },
      {
        "icon": "😳",
        "text": "害羞"
      },
      {
        "icon": "😓",
        "text": "流汗"
      },
      {
        "icon": "😫",
        "text": "难受"
      },
      {
        "icon": "❤",
        "text": "喜欢"
      },
      {
        "icon": "🙊",
        "text": "不说话"
      },
      {
        "icon": "😊",
        "text": "开心"
      },
      {
        "icon": "😱",
        "text": "惊恐"
      },
      {
        "icon": "😭",
        "text": "哭泣"
      },
      {
        "icon": "🆒",
        "text": "炫酷"
      },
      {
        "icon": "👌",
        "text": "可以"
      },
      {
        "icon": "😚",
        "text": "亲亲"
      },
      {
        "icon": "🤯",
        "text": "生气"
      },
      {
        "icon": "👨‍👩‍👧‍👦",
        "text": "家庭"
      },
      {
        "icon": "🍾",
        "text": "祝贺"
      },
      {
        "icon": "🎁",
        "text": "礼物"
      },
      {
        "icon": "⭐",
        "text": "星星"
      }
    ]
  }
}